"Weapon Type","","Item Name","World","Mode","DLC","How to Acquire"
"Long Gun","FALSE","Alternator","Reisum","-","Subject 2923","Crafted from the Cold Cell, which is acquired in the boss fight with Brudvaak, the Rider and Vargr, the Warg by defeating Brudvaak FIRST."
"Long Gun","FALSE","Assault Rifle","Earth","-","-","Complete the ""Supply Run"" event in the Sorrow's Field dungeon. Find the Monkey Key to open the door to the room where this weapon can be found."
"Long Gun","FALSE","Beam Rifle","Rhom","-","-","Complete ""The Lost Gantry"" event. You will have to survive waves of enemies in order to obtain this weapon as a reward."
"Melee","FALSE","Blade of Adventure","-","-","-","New characters begin the game with this item, but it is removed from your inventory upon leaving the tutorial area."
"Melee","FALSE","Butcher's Flail","Corsus","-","-","Crafted from Hammerhead's Ore, which is acquired in the boss fight with The Unclean One by hiding in one of the pots in the basement BEFORE defeating him."
"Melee","FALSE","Chain Blade","Reisum","-","Subject 2923","Crafted from the Steel of Agony, which is acquired in the boss fight with Brudvaak, the Rider and Vargr, the Warg by defeating Vargr FIRST."
"Long Gun","FALSE","Chicago Typewriter","Earth","-","-","Complete ""A Tale of Two Liz's"" event in Land's End and The Warren. Defend the two NPCs to be rewarded with the Liz's Key. It will open the door where you will find this weapon."
"Long Gun","FALSE","Coach Gun","Ward 13","-","-","Ace gives the Ex-Cultist archtype this item. It can also be purchased from Rigs for 600 Scrap."
"Long Gun","FALSE","Crossbow","Corsus","-","-","Acquired from the Iskal Queen after giving her the Guardian's Heart."
"Hand Gun","FALSE","Curse of the Jungle God","Yaesha","-","-","Crafted from the Tentacle Pod, which is acquired in the boss fight with The Ravager by defeating him normally."
"Hand Gun","FALSE","Defiler","Rhom","-","-","Crafted from the Thermal Geode, which is acquired in the boss fight with The Harrow by not taking the Lost Harpoon."
"Long Gun","FALSE","Devastator","Corsus","-","-","Crafted from the Unclean Heart, which is acquired in the boss fight with The Unclean One by defeating him normally."
"Long Gun","FALSE","Eye of the Storm","Yaesha","-","-","Crafted from the Totem Antler, which is acquired in the boss fight with the Totem Father after setting the totem outside the fog wall to blue."
"Melee","FALSE","Frostborne","Reisum","-","Subject 2923","Complete the ""Felmourn Burrow"" event. Destroy the bookshelves and the wooden wall to reveal the secret area where this weapon is found."
"Long Gun","FALSE","Fusion Rifle","Ward Prime","-","Subject 2923","Rewarded for defeating Harsgaard."
"Melee","FALSE","Guardian Axe","Corsus","-","-","Crafted from the Guardian Tentacle, which is acquired in the boss fight with Ixillis by NOT allowing either of the bosses to become enraged."
"Melee","FALSE","Hero's Sword","-","Survival","Swamps of Corsus","Kill 10 bosses (must be done in a single run). Alternatively, it can be purchased from Rigs for 100 Glowing Fragments and 2,000 Scrap."
"Hand Gun","FALSE","Hive Cannon","Corsus","-","-","Crafted from the Hivestone, which is acquired in the boss fight with Ixillis by allowing one of the bosses to become enraged over the other one's death."
"Hand Gun","FALSE","Hunting Pistol","Earth","-","-","Complete the Hunter's Hideout dungeon in Hidden Grotto. Get the key from the dying Hunter at the beginning of the dungeon. The key will unlock the door to the Safehouse at the end of the dungeon. This weapon is inside of a locker in the Safehouse."
"Long Gun","FALSE","Hunting Rifle","Ward 13","-","-","Ace gives the Hunter archtype this item. It can also be purchased from Rigs for 600 Scrap."
"Melee","FALSE","Lost Harpoon","Rhom","-","-","When fighting The Harrow, stagger him multiple times by shooting him in the legs. He will drop to the ground. Go behind him and pick up this weapon, then defeat him. If you die during the fight, you will have to re-aquire this weapon during the fight."
"Hand Gun","FALSE","Machine Pistol","Ward Prime","-","Subject 2923","Restore power to Ward Prime and work your way through the facility. In the ""Main Bay"" area, enter Dr. Enji Sato and Dr. Sebastian Weisskoof's office. Interact with the computer on the desk in the middle of the room and select ""Enter Password"". The password is 2-4-1-3-5-1. Then select the option to ""Unlock Storage Room"". Go through the open doorway to enter the storage room and loot this weapon."
"Hand Gun","FALSE","Magnum Revolver","Earth","-","-","Find the Strange Coin. It will randomly spawn anywhere on Earth. Return it to Ace in Ward 13 and she will give you this weapon."
"Long Gun","FALSE","Particle Accelerator","Rhom","-","-","Crafted from the Void Sliver, which is acquired in the boss fight with Claviger by NOT allowing him to absorb any summoned minions."
"Melee","FALSE","Petrified Maul","Earth","-","-","Crafted from the Twisted Heart, which is acquired in the boss fight with The Ent by destroying his legs BEFORE you kill him."
"Hand Gun","FALSE","Pride of the Iskal","Corsus","Adventure","Swamps of Corsus","Crafted from the Crystalline Plasma, which is acquired in the boss fight with the Iskal Queen by defeating her normally."
"Hand Gun","FALSE","Repeater Pistol","Ward 13","Campaign","-","Acquired from Ace after selecting an archetype."
"Long Gun","FALSE","Repulsor","Ward 17","-","-","Crafted from the Dreamer's Mana, which is acquired in the boss fight with the Dreamer/Nightmare by defeating him normally."
"Long Gun","FALSE","Ricochet Rifle","Yaesha","-","-","Found in the Forgotten Undercroft dungeon, where the Blink Thief will steal the weapon before you can loot it. You are given a very short window at three different locations throughout the dungeon to defeat the Blink Thief and obtain the weapon."
"Melee","FALSE","Riven","Rhom","-","-","Acquired from the Undying King after giving him the Guardian's Heart."
"Long Gun","FALSE","Ruin","Rhom","-","-","Crafted from the Undying Heart, which is acquired in the boss fight with The Undying King by defeating him normally."
"Hand Gun","FALSE","Sawed-Off","Reisum","-","Subject 2923","Purchased from Sebum for 450 Scrap."
"Melee","FALSE","Scar of the Jungle God","Yaesha","-","-","Crafted from the Stalker's Claw, which is acquired by putting The Ravager to sleep by playing the lullaby on the bells, then talking to him (it does not matter what you say to him during the conversation). There is a time limit for entering the right sequence, but the lullaby can be attempted multiple times as long as the fight has not been started. Facing the bells from the entrance, the sequence is: FR-NR-FR-NR-NL-C-FL-NR (where FR = far right, NR = near right, FL = far left, NL = near left, and C = center)."
"Melee","FALSE","Scrap Hammer","Ward 13","-","-","Ace gives the Scrapper archtype this item. It can also be purchased from Rigs for 450 Scrap."
"Melee","FALSE","Scrap Hatchet","Ward 13","-","-","Ace gives the Ex-Cultist archtype this item. It can also be purchased from Rigs for 450 Scrap."
"Melee","FALSE","Scrap Sword","Ward 13","-","-","Ace gives the Hunter archtype this item. It can also be purchased from Rigs for 450 Scrap."
"Melee","FALSE","Scythe","Corsus","-","-","Purchased from the Iskal Queen for 750 Scrap."
"Long Gun","FALSE","Shotgun","Ward 13","-","-","Ace gives the Scrapper archtype this item. It can also be purchased from Rigs for 600 Scrap."
"Melee","FALSE","Smolder","Earth","-","-","Crafted from the Dragon Links, which is acquired in the boss fight with Singe by severing his tail BEFORE defeating him."
"Long Gun","FALSE","Sniper Rifle","Earth","-","-","Found in the basement of the Church. Go through the doorway to the left of the Root Mother (it will be blocked until you complete the event to defend her), then down the stairs at the end of the hallway. This weapon is in a locker behind some breakable pallets."
"Melee","FALSE","Spear","Yaesha","-","-","Purchased from the Stuck Merchant for 750 Scrap."
"Hand Gun","FALSE","Spitfire","Earth","-","-","Crafted from the Blazing Heart, which is acquired in the boss fight with Singe by NOT severing its tail before it dies."
"Long Gun","FALSE","Sporebloom","Earth","-","-","Crafted from the Spore Gland, which is acquired in the boss fight with The Ent by killing him WITHOUT destroying his legs."
"Hand Gun","FALSE","Submachine Gun","Ward 13","-","-","Get the Ward 13 Keycard from the Founder's Hideout (on Earth). Travel back to Ward 13. Use the keycard on the door on Level B2. Get the fuse. Go to Level B3 and use the fuse in the fusebox. Use the keycard to open the door. Go back to the fusebox and turn off the fans. Go behind the fan and get the Ward 13 Master Key. Go to Level B2. Use the master key to open the door at the end. This weapon can be looted from the table in the room."
"Hand Gun","FALSE","Twin Shot","Reisum","-","Subject 2923","Complete the ""Creeper's Peepers"" event in the Watcher's Hollow dungeon. After acquiring the Creeper's Peeper item, go outside the dungeon and find the statue with the missing eye. Insert the Creeper's Peeper into the statue and the door behind it will open. Go inside and loot this weapon."
"Melee","FALSE","Voice of the Tempest","Yaesha","-","-","Crafted from the Tempest Heartstring, which is acquired in the boss fight with the Totem Father after setting the totem outside the fog wall to red."
"Melee","FALSE","Wastelander Flail","Rhom","-","-","Complete ""The Clean Room"" event in The Cursed Trial dungeon. Survive the Citadel's Curse debuff until you get to the end of the dungeon, where this weapon can be found."
"Melee","FALSE","World Breaker","Rhom","-","-","Crafted from the Stone of the Guardian, which is acquired in the boss fight with Claviger by allowing him to absorb at least one minion BEFORE killing him."
"Melee","FALSE","World's Edge","Ward Prime","-","Subject 2923","Crafted from the Root Neoplasm, which is acquired in the boss fight with Harsgaard, Root Harbinger by defeating him normally."