"","Skin Name","World","Mode","DLC","How to Obtain"
"FALSE","Adventurer Goggles","-","Survival","Swamps of Corsus","Purchased from Rigs for 1,000 Scrap and 50 Glowing Fragments."
"FALSE","Bloodletter Headdress","-","Survival","Swamps of Corsus","Purchased from Whispers for 400 Scrap and 10 Glowing Fragments."
"FALSE","Bloodletter Leggings","-","Survival","Swamps of Corsus","Purchased from Whispers for 600 Scrap and 15 Glowing Fragments."
"FALSE","Bloodletter Raiment","-","Survival","Swamps of Corsus","Purchased from Whispers for 1,000 Scrap and 25 Glowing Fragments."
"FALSE","Brigand Jacket","-","Survival","Swamps of Corsus","Purchased from Whispers for 1,000 Scrap and 25 Glowing Fragments."
"FALSE","Brigand Mask","-","Survival","Swamps of Corsus","Purchased from Whispers for 400 Scrap and 10 Glowing Fragments."
"FALSE","Brigand Trousers","-","Survival","Swamps of Corsus","Purchased from Whispers for 600 Scrap and 15 Glowing Fragments."
"FALSE","Chaos Carapace","-","Survival","Swamps of Corsus","Purchased from Whispers for 1,000 Scrap and 25 Glowing Fragments."
"FALSE","Chaos Greaves","-","Survival","Swamps of Corsus","Purchased from Whispers for 600 Scrap and 15 Glowing Fragments."
"FALSE","Chaos Skull","-","Survival","Swamps of Corsus","Purchased from Whispers for 400 Scrap and 10 Glowing Fragments."
"FALSE","Corrupted Cage","-","Survival","Swamps of Corsus","Purchased from Whispers for 1,000 Scrap and 25 Glowing Fragments."
"FALSE","Corrupted Hood","-","Survival","Swamps of Corsus","Purchased from Whispers for 400 Scrap and 10 Glowing Fragments."
"FALSE","Corrupted Tassets","-","Survival","Swamps of Corsus","Purchased from Whispers for 600 Scrap and 15 Glowing Fragments."
"FALSE","Crusader Greaves","-","Survival","Swamps of Corsus","Purchased from Whispers for 600 Scrap and 15 Glowing Fragments."
"FALSE","Crusader Protector","-","Survival","Swamps of Corsus","Purchased from Whispers for 1,000 Scrap and 25 Glowing Fragments."
"FALSE","Crusader Visage","-","Survival","Swamps of Corsus","Purchased from Whispers for 400 Scrap and 10 Glowing Fragments."
"FALSE","Harbringer Boots","-","Survival","Swamps of Corsus","Purchased from Whispers for 600 Scrap and 15 Glowing Fragments."
"FALSE","Harbringer Mantle","-","Survival","Swamps of Corsus","Purchased from Whispers for 1,000 Scrap and 25 Glowing Fragments."
"FALSE","Harbringer Mask","-","Survival","Swamps of Corsus","Purchased from Whispers for 400 Scrap and 10 Glowing Fragments."
"FALSE","Headhunter Helm","-","Survival","Swamps of Corsus","Purchased from Whispers for 400 Scrap and 10 Glowing Fragments."
"FALSE","Headhunter Husk","-","Survival","Swamps of Corsus","Purchased from Whispers for 1,000 Scrap and 25 Glowing Fragments."
"FALSE","Headhunter Kilt","-","Survival","Swamps of Corsus","Purchased from Whispers for 600 Scrap and 15 Glowing Fragments."
"FALSE","Mystic Armor","-","Survival","Swamps of Corsus","Purchased from Whispers for 1,000 Scrap and 25 Glowing Fragments."
"FALSE","Mystic Greaves","-","Survival","Swamps of Corsus","Purchased from Whispers for 600 Scrap and 15 Glowing Fragments."
"FALSE","Mystic Helm","-","Survival","Swamps of Corsus","Purchased from Whispers for 400 Scrap and 10 Glowing Fragments."
"FALSE","Ritualist Britches","-","Survival","Swamps of Corsus","Purchased from Whispers for 600 Scrap and 15 Glowing Fragments."
"FALSE","Ritualist Duster","-","Survival","Swamps of Corsus","Purchased from Whispers for 1,000 Scrap and 25 Glowing Fragments."
"FALSE","Ritualist Hat","-","Survival","Swamps of Corsus","Purchased from Whispers for 400 Scrap and 10 Glowing Fragments."
"FALSE","Roughneck Bodyplate","-","Survival","Swamps of Corsus","Purchased from Whispers for 1,000 Scrap and 25 Glowing Fragments."
"FALSE","Roughneck Helmet","-","Survival","Swamps of Corsus","Purchased from Whispers for 400 Scrap and 10 Glowing Fragments."
"FALSE","Roughneck Workboots","-","Survival","Swamps of Corsus","Purchased from Whispers for 600 Scrap and 15 Glowing Fragments."
"FALSE","Sentinel Armor","-","Survival","Swamps of Corsus","Purchased from Whispers for 1,000 Scrap and 25 Glowing Fragments."
"FALSE","Sentinel Helmet","-","Survival","Swamps of Corsus","Purchased from Whispers for 400 Scrap and 10 Glowing Fragments."
"FALSE","Sentinel Leggings","-","Survival","Swamps of Corsus","Purchased from Whispers for 600 Scrap and 15 Glowing Fragments."
"FALSE","Shadow Garb","-","Survival","Swamps of Corsus","Purchased from Whispers for 1,000 Scrap and 25 Glowing Fragments."
"FALSE","Shadow Leggings","-","Survival","Swamps of Corsus","Purchased from Whispers for 600 Scrap and 15 Glowing Fragments."
"FALSE","Shadow Mask","-","Survival","Swamps of Corsus","Purchased from Whispers for 400 Scrap and 10 Glowing Fragments."
"FALSE","Survival Goggles","-","Survival","Swamps of Corsus","Purchased from Whispers for 400 Scrap and 10 Glowing Fragments."
"FALSE","Survivor Leggings","-","Survival","Swamps of Corsus","Purchased from Whispers for 600 Scrap and 15 Glowing Fragments."
"FALSE","Survivor Tunic","-","Survival","Swamps of Corsus","Purchased from Whispers for 1,000 Scrap and 25 Glowing Fragments."
"FALSE","Vagrant Mask","-","Survival","Swamps of Corsus","Purchased from Whispers for 400 Scrap and 10 Glowing Fragments."
"FALSE","Vagrant Overcoat","-","Survival","Swamps of Corsus","Purchased from Whispers for 1,000 Scrap and 25 Glowing Fragments."
"FALSE","Vagrant Trousers","-","Survival","Swamps of Corsus","Purchased from Whispers for 600 Scrap and 15 Glowing Fragments."
"FALSE","Vanguard Great Helm","-","Survival","Swamps of Corsus","Purchased from Whispers for 400 Scrap and 10 Glowing Fragments."
"FALSE","Vanguard Greaves","-","Survival","Swamps of Corsus","Purchased from Whispers for 600 Scrap and 15 Glowing Fragments."
"FALSE","Vanguard Shell","-","Survival","Swamps of Corsus","Purchased from Whispers for 1,000 Scrap and 25 Glowing Fragments."
"FALSE","Widowmaker Pants","-","Survival","Swamps of Corsus","Purchased from Whispers for 600 Scrap and 15 Glowing Fragments."
"FALSE","Widowmaker Shroud","-","Survival","Swamps of Corsus","Purchased from Whispers for 400 Scrap and 10 Glowing Fragments."
"FALSE","Widowmaker Trenchcoat","-","Survival","Swamps of Corsus","Purchased from Whispers for 1,000 Scrap and 25 Glowing Fragments."