"","Emote Name","World","Mode","DLC","How to Obtain"
"FALSE","Beckon Emote","Earth","-","-","Defeat Singe."
"FALSE","Cheer Emote","Earth","-","-","Defeat The Ent."
"FALSE","Confused Emote","Corsus","-","-","Defeat Ixillis."
"FALSE","Exhausted Emote","Corsus","-","-","Defeat The Unclean One."
"FALSE","Fail Emote","Rhom","-","-","Defeat The Harrow."
"FALSE","Freeze Frame Emote","Yaesha","-","-","Defeat The Ravager."
"FALSE","Gravedigger Emote","Rhom","-","-","Defeat the Undying King."
"FALSE","High Five Emote","Ward 17","Hardcore","-","Defeat the Dreamer/Nightmare."
"FALSE","Laugh Emote","Rhom","-","-","Defeat Claviger"
"FALSE","No Emote","-","-","-","New characters begin the game with this emote."
"FALSE","Praise the Gun Emote","Ward 17","Normal","-","Defeat the Dreamer/Nightmare."
"FALSE","Tea Time Emote","Yaesha","-","-","Defeat the Totem Father."
"FALSE","This Way Emote","-","-","-","New characters begin the game with this emote."
"FALSE","Wave Emote","-","Multiplayer","-","Join another player's game or have another player join your game."
"FALSE","Yes Emote","-","-","-","New characters begin the game with this emote."