"","Item Name","World","Mode","DLC","How to Obtain"
"FALSE","Adrenaline","Ward 13","-","-","Purchased from Reggie for 50 Scrap."
"FALSE","Ammo Box","Ward 13","-","-","Purchased from Reggie, Mudtooth, or Wud for 200 Scrap."
"FALSE","Antiserum","Corsus","Adventure","Swamps of Corsus","Purchased from the Graveyard Elf for 50 Scrap."
"FALSE","Bandage","Ward 13","-","-","Purchased from Reggie for 50 Scrap."
"FALSE","Beetle Extract","Corsus","Adventure","Swamps of Corsus","Purchased from the Graveyard Elf for 500 Scrap."
"FALSE","Bloodwort","Ward 13","-","-","Purchased from Reggie, Wud, the Stuck Merchant, or the Iskal Queen for 100 Scrap."
"FALSE","Divine Nectar","Corsus","-","-","Purchased from the Iskal Queen for 500 Scrap."
"FALSE","Elixir of Enlightenment","Ward 13","-","-","New characters begin the game with 3 of these consumables."
"FALSE","Ethereal Orb","Ward 13","-","-","Purchased from Reggie or the Stuck Merchant for 50 Scrap."
"FALSE","Frenzy Dust","Ward 13","-","-","Purchased from Reggie for 100 Scrap."
"FALSE","Golden Plum","Yaesha","-","-","Purchased from the Stuck Merchant for 500 Scrap."
"FALSE","Greenleaf","Ward 13","-","-","Purchased from Reggie or the Iskal Queen for 50 Scrap."
"FALSE","Heavy Water Elixir","Ward 13","-","-","Purchased from Reggie or Wud for 50 Scrap."
"FALSE","Houndmaster's Jerky","Rhom","-","-","Purchased from the Houndmaster for 500 Scrap."
"FALSE","Hydro Coolant","Ward 13","-","-","Purchased from Reggie or the Stuck Merchant for 50 Scrap."
"FALSE","Icefruit","Reisum","-","Subject 2923","Purchased from Sebum for 500 Scrap."
"FALSE","Liquid Escape","Ward 13","-","-","New characters begin the game with this item."
"FALSE","Mudtooth's Stew","Earth","-","-","Purchased from Mudtooth for 500 Scrap."
"FALSE","Mudtooth's Tonic","Earth","-","-","Purchased from Mudtooth for 500 Scrap."
"FALSE","Oilskin Tonic","Ward 13","-","-","Purchased from Reggie for 50 Scrap."
"FALSE","Orb of Undoing","Ward 13","-","-","Purchased from Reggie for 2,500 Scrap after defeating the Dreamer/Nightmare."
"FALSE","Pristine Essence","Reisum","-","Subject 2923","Purchased from Krall Mother or Sebum for 200 Scrap."
"FALSE","Spiceroot","Reisum","-","Subject 2923","Purchased from Krall Mother, Sebum, or Reggie for 50 Scrap."