"Set Name","","Item Name","World","Mode","DLC","How to Obtain"
"Adventurer Set","FALSE","Adventurer Goggles","-","Survival","Swamps of Corsus","Defeat 5 bosses in a row (must be done in a single run)."
"Adventurer Set","FALSE","Adventurer Leggings","-","-","-","New characters begin the game with this item."
"Adventurer Set","FALSE","Adventurer Tunic","-","-","-","New characters begin the game with this item."
"Akari Set","FALSE","Akari Garb","Rhom","-","-","At the end of the Vault of the Herald dungeon you will find three doors. Use a Glowing Rod (found in various dungeons on Rhom) on each door to obtain a piece of the set. The Garb is found behind the middle door."
"Akari Set","FALSE","Akari Leggings","Rhom","-","-","At the end of the Vault of the Herald dungeon you will find three doors. Use a Glowing Rod (found in various dungeons on Rhom) on each door to obtain a piece of the set. The Leggings are found behind the right door."
"Akari Set","FALSE","Akari Mask","Rhom","-","-","At the end of the Vault of the Herald dungeon you will find three doors. Use a Glowing Rod (found in various dungeons on Rhom) on each door to obtain a piece of the set. The Mask is found behind the left door."
"Bandit Set","FALSE","Bandit Jacket","Earth","-","-","Get the Pocket Watch amulet from Mudtooth. Then confront Brabus in The Depot. Give Brabus the Pocket Watch and he will give you the complete Bandit armor set."
"Bandit Set","FALSE","Bandit Trousers","Earth","-","-","Get the Pocket Watch amulet from Mudtooth. Then confront Brabus in The Depot. Give Brabus the Pocket Watch and he will give you the complete Bandit armor set."
"Bandit Set","FALSE","Bandit's Mask","Earth","-","-","Get the Pocket Watch amulet from Mudtooth. Then confront Brabus in The Depot. Give Brabus the Pocket Watch and he will give you the complete Bandit armor set."
"Bomber Hat","FALSE","Bomber Hat","Earth","-","-","Rewarded to Twitch Prime members that pre-ordered through Amazon during the Prime Day promotion. A green version can also be found as a random drop on Earth (PC only)."
"Carapace Set","FALSE","Carapace Great Helm","Corsus","-","Swamps of Corsus","You must be infected with the Parasite effect from an Iskal Infector. This allows you to purchase this item from Mar'Gosh for 1 Hardened Carapace and 500 Scrap. Hardened Carapaces drop from Black Vikorian Beetles during the ""Sketterling Temple"" event in Corsus dungeons."
"Carapace Set","FALSE","Carapace Greaves","Corsus","-","Swamps of Corsus","You must be infected with the Parasite effect from an Iskal Infector. This allows you to purchase this item from Mar'Gosh for 1 Hardened Carapace and 1,000 Scrap. Hardened Carapaces drop from Black Vikorian Beetles during the ""Sketterling Temple"" event in Corsus dungeons."
"Carapace Set","FALSE","Carapace Shell","Corsus","-","Swamps of Corsus","You must be infected with the Parasite effect from an Iskal Infector. This allows you to purchase this item from Mar'Gosh for 1 Hardened Carapace and 1,500 Scrap. Hardened Carapaces drop from Black Vikorian Beetles during the ""Sketterling Temple"" event in Corsus dungeons."
"Cultist Set","FALSE","Cultist Britches","Ward 13","-","-","The Ex-Cultist archtype begins the game with this item. It can also be purchased from Rigs for 350 Scrap."
"Cultist Set","FALSE","Cultist Duster","Ward 13","-","-","The Ex-Cultist archtype begins the game with this item. It can also be purchased from Rigs for 500 Scrap."
"Cultist Set","FALSE","Cultist Hat","Ward 13","-","-","The Ex-Cultist archtype begins the game with this item. It can also be purchased from Rigs for 150 Scrap."
"Drifter Set","FALSE","Drifter's Mask","Earth","-","-","Random drop."
"Drifter Set","FALSE","Drifter's Overcoat","Earth","-","-","Found in a secret room in the Founder's Hideout. You can find the entrance to the secret room hidden behind a destroyable bookcase."
"Drifter Set","FALSE","Drifter's Trousers","Earth","-","-","Found in a secret room in the Founder's Hideout. You can find the entrance to the secret room hidden behind a destroyable bookcase."
"Elder Set","FALSE","Elder Headdress","Yaesha","-","-","Complete the ""Survive the Attack"" event in Martyr's Sanctuary."
"Elder Set","FALSE","Elder Leggings","Yaesha","-","-","Complete the ""Survive the Attack"" event in Martyr's Sanctuary."
"Elder Set","FALSE","Elder Raiment","Yaesha","-","-","Complete the ""Survive the Attack"" event in Martyr's Sanctuary."
"Hunter Set","FALSE","Hunter Pants","Ward 13","-","-","The Hunter archtype begins the game with this item. It can also be purchased from Rigs for 350 Scrap."
"Hunter Set","FALSE","Hunter Shroud","Ward 13","-","-","The Hunter archtype begins the game with this item. It can also be purchased from Rigs for 150 Scrap."
"Hunter Set","FALSE","Hunter Trenchcoat","Ward 13","-","-","The Hunter archtype begins the game with this item. It can also be purchased from Rigs for 500 Scrap."
"Labyrinth Set","FALSE","Labyrinth Armor","Corsus","Adventure","Swamps of Corsus","Obtain the Cryptolith Sigil from the Iskal Queen, then use it on the Cryptolith Tower. This must be done 3 separate times (re-rolling the world in between each use). After the third use, a portal will open that leads to this armor set."
"Labyrinth Set","FALSE","Labyrinth Greaves","Corsus","Adventure","Swamps of Corsus","Obtain the Cryptolith Sigil from the Iskal Queen, then use it on the Cryptolith Tower. This must be done 3 separate times (re-rolling the world in between each use). After the third use, a portal will open that leads to this armor set."
"Labyrinth Set","FALSE","Labyrinth Helm","Corsus","Adventure","Swamps of Corsus","Obtain the Cryptolith Sigil from the Iskal Queen, then use it on the Cryptolith Tower. This must be done 3 separate times (re-rolling the world in between each use). After the third use, a portal will open that leads to this armor set."
"Leto's Set","FALSE","Leto's Armor","Earth","-","-","Complete the ""Leto's Lab"" event in Research Station Alpha. This set of armor can be found after using the teleporter, in the room with the burning corpses."
"Leto's Set","FALSE","Leto's Helmet","Earth","-","-","Complete the ""Leto's Lab"" event in Research Station Alpha. This set of armor can be found after using the teleporter, in the room with the burning corpses."
"Leto's Set","FALSE","Leto's Leggings","Earth","-","-","Complete the ""Leto's Lab"" event in Research Station Alpha. This set of armor can be found after using the teleporter, in the room with the burning corpses."
"Osseus Set","FALSE","Osseous Helm","Rhom","-","-","Purchase all of the secrets from Wud for 500 Scrap. He will then sell you this item for 700 Scrap."
"Osseus Set","FALSE","Osseous Husk","Rhom","-","-","Purchase all of the secrets from Wud for 500 Scrap. He will then sell you this item for 1,750 Scrap."
"Osseus Set","FALSE","Osseous Kilt","Rhom","-","-","Purchase all of the secrets from Wud for 500 Scrap. He will then sell you this item for 1,050 Scrap."
"Radiant Set","FALSE","Radiant Greaves","Yaesha","-","-","Purchased from the Stuck Merchant for 1,350 Scrap."
"Radiant Set","FALSE","Radiant Protector","Yaesha","-","-","Purchased from the Stuck Merchant for 2,250 Scrap."
"Radiant Set","FALSE","Radiant Visage","Yaesha","-","-","Find the Stuck Merchant. Warning: Purchase the Protector and Greaves before proceeding or you will lock yourself out of getting them this playthrough. Get the Strange Curio from the back of of the merchant's wagon and use it to open the door to the Guardian Shrine. This item is looted from a statue at the end of the dungeon."
"Scavenger Set","FALSE","Scavenger Armor","Reisum","-","Subject 2923","Complete the ""Magir Test"" event in Judgement's Spear."
"Scavenger Set","FALSE","Scavenger Boots","Reisum","-","Subject 2923","Complete the ""Magir Test"" event in Judgement's Spear."
"Scavenger Set","FALSE","Scavenger Helmet","Reisum","-","Subject 2923","Complete the ""Magir Test"" event in Judgement's Spear."
"Scrapper Set","FALSE","Scrapper Bodyplate","Ward 13","-","-","The Scrapper archtype begins the game with this item. It can also be purchased from Rigs for 500 Scrap."
"Scrapper Set","FALSE","Scrapper Helmet","Ward 13","-","-","The Scrapper archtype begins the game with this item. It can also be purchased from Rigs for 150 Scrap."
"Scrapper Set","FALSE","Scrapper Workboots","Ward 13","-","-","The Scrapper archtype begins the game with this item. It can also be purchased from Rigs for 350 Scrap."
"Slayer Set","FALSE","Slayer Boots","Corsus","-","-","Received from the Iskal Queen after giving her the Guardian's Heart."
"Slayer Set","FALSE","Slayer Mantle","Corsus","-","-","Received from the Iskal Queen after giving her the Guardian's Heart."
"Slayer Set","FALSE","Slayer Mask","Corsus","-","-","Received from the Iskal Queen after giving her the Guardian's Heart."
"Twisted Set","FALSE","Twisted Cage","Earth","-","-","Defend the tree in ""The Root Shrine"" event at The Gallows. You will then be able to craft this set piece at the tree for 5 Lumenite Crystals and 1,000 Scrap."
"Twisted Set","FALSE","Twisted Hood","Earth","-","-","Defend the tree in ""The Root Shrine"" event at The Gallows. You will then be able to craft this set piece at the tree for 2 Lumenite Crystals and 300 Scrap. The Mask and the Hood are interchangeable to complete this set."
"Twisted Set","FALSE","Twisted Mask","Earth","-","-","When you encounter the Twisted Mask Merchant in Junktown, insist on talking to him about his mask and he will eventually turn hostile. Kill him to obtain the Mask. The Mask and the Hood are interchangeable to complete this set."
"Twisted Set","FALSE","Twisted Tassets","Earth","-","-","Defend the tree in ""The Root Shrine"" event at The Gallows. You will then be able to craft this set piece at the tree for 3 Lumenite Crystals and 700 Scrap."
"Void Set","FALSE","Void Carapace","Rhom","-","-","Complete the floor puzzle at The Monolith. Find the 10 glyphs written on a nearby wall - this is the solution to the puzzle. The glyphs on the center tile are a compass. Start from the center tile and use the solution to walk across the floor panels. The center tile should open if the sequence was performed correctly."
"Void Set","FALSE","Void Greaves","Rhom","-","-","Complete the floor puzzle at The Monolith. Find the 10 glyphs written on a nearby wall - this is the solution to the puzzle. The glyphs on the center tile are a compass. Start from the center tile and use the solution to walk across the floor panels. The center tile should open if the sequence was performed correctly."
"Void Set","FALSE","Void Skull","Rhom","-","-","Complete the floor puzzle at The Monolith. Find the 10 glyphs written on a nearby wall - this is the solution to the puzzle. The glyphs on the center tile are a compass. Start from the center tile and use the solution to walk across the floor panels. The center tile should open if the sequence was performed correctly."
"Warlord's Set","FALSE","Warlord Armor","Reisum","-","Subject 2923","Before you get the Master's Tusk, drop down to the left of Sebum's ship and hug the hull. Break some crates, then climb up the platforms on the other side. At the top, interact with the hole in the side of the ship. Then, when you bring the Master's Tusk to Sebum, ask him about the armor."
"Warlord's Set","FALSE","Warlord Boots","Reisum","-","Subject 2923","Before you get the Master's Tusk, drop down to the left of Sebum's ship and hug the hull. Break some crates, then climb up the platforms on the other side. At the top, interact with the hole in the side of the ship. Then, when you bring the Master's Tusk to Sebum, ask him about the armor."
"Warlord's Set","FALSE","Warlord Skull","Reisum","-","Subject 2923","Before you get the Master's Tusk, drop down to the left of Sebum's ship and hug the hull. Break some crates, then climb up the platforms on the other side. At the top, interact with the hole in the side of the ship. Then, when you bring the Master's Tusk to Sebum, ask him about the armor."